{
  "feature_names": [
    "env_stability",
    "sensor_combined",
    "mq3_voltage"
  ],
  "scaling": {
    "mean": [
      23.618997626686678,
      49.24495052473766,
      1.284823838080964
    ],
    "std": [
      0.5633993586785181,
      5.899439852754056,
      0.037381813779711705
    ]
  },
  "thresholds": {
    "binary_high_low": 43.14293595505618,
    "best_good": 42.44416837018281,
    "good_poor": 49.443177798356885,
    "poor_worst": 53.41925454140789
  },
  "regression": {
    "intercept": 58.28759134613655,
    "coefficients": [
      -19.107891159523383,
      -6.701596463896029,
      0.3874425354073847
    ],
    "r2": 0.9634358095450203,
    "mae": 4.233107780212549
  },
  "lookup_table": {
    "lookup": {
      "100": {
        "min": 33.135,
        "max": 41.628,
        "mean": 37.3466015625,
        "median": 37.182
      },
      "75": {
        "min": 42.209,
        "max": 48.37,
        "mean": 47.54173517786561,
        "median": 47.602
      },
      "50": {
        "min": 42.721000000000004,
        "max": 53.522999999999996,
        "mean": 51.344620418848166,
        "median": 52.04600000000001
      },
      "25": {
        "min": 47.650999999999996,
        "max": 57.702,
        "mean": 55.49388866396761,
        "median": 55.37949999999999
      }
    },
    "interpolation": {
      "sensor_combined_points": [
        37.3466015625,
        47.54173517786561,
        51.344620418848166,
        55.49388866396761
      ],
      "purity_points": [
        100,
        75,
        50,
        25
      ]
    }
  }
}